{
    "Town01": {
        "minX": -27.059906005859375,
        "maxX": 421.3791809082031,
        "minY": -27.04996085166931,
        "maxY": 355.6099853515625
    },
    "Town02": {
        "minX": -32.45972919464111,
        "maxX": 218.74075317382812,
        "minY": 80.3907470703125,
        "maxY": 331.55999755859375
    },
    "Town03": {
        "minX": -174.0638427734375,
        "maxX": 273.9935607910156,
        "minY": -234.27125549316406,
        "maxY": 232.6337432861328
    },
    "Town04": {
        "minX": -540.26904296875,
        "maxX": 439.145751953125,
        "minY": -421.1461181640625,
        "maxY": 461.00714111328125
    },
    "Town05": {
        "minX": -301.0445251464844,
        "maxX": 236.0635528564453,
        "minY": -232.875091552734385,
        "maxY": 234.06625366210938
    },
    "Town10HD": {
        "minX": -139.59522247314453,
        "maxX": 134.97942352294922,
        "minY": -93.72904205322266,
        "maxY": 166.21044921875
    }
}